diagnostic_id,problem_id,session_id,timestamp,topic,difficulty_level,problem_length_words,equation_count,text_cleaning_success,equation_extraction_success,embedding_success,solver_success,error_occurred,error_type,error_stage,extraction_time_ms,embedding_time_ms,solver_time_ms,total_pipeline_time_ms,model_version
"DIAG_001","PROB_048","SES_001","2024-08-06 00:48:41","Mensuration","1","292","1","1","1","1","1","0",,,"260","186","490","936","v1.0"
"DIAG_002","PROB_096","SES_001","2024-09-22 16:47:33","Mensuration","1","118","2","1","1","1","1","0",,,"134","438","614","1186","v1.0"
"DIAG_003","PROB_004","SES_001","2024-09-26 12:44:36","Geometry","3","163","2","1","1","1","1","0",,,"460","137","527","1124","v1.2"
"DIAG_004","PROB_016","SES_002","2024-10-24 22:07:54","Mensuration","3","71","3","1","0","0","1","0",,,"56","775","587","1418","v1.2"
"DIAG_005","PROB_028","SES_002","2024-09-03 10:24:33","Arithmetic","2","83","2","1","1","1","0","1","missing_equation","solver","259","558","543","1360","v1.1"
"DIAG_006","PROB_087","SES_002","2024-10-21 12:31:42","Geometry","3","283","4","1","1","1","1","0",,,"255","348","1092","1695","v1.1"
"DIAG_007","PROB_085","SES_003","2024-10-26 18:08:04","Probability","3","248","3","1","1","1","1","0",,,"372","150","519","1041","v1.0"
"DIAG_008","PROB_014","SES_003","2024-10-24 22:36:14","Probability","2","104","2","1","1","1","1","0",,,"316","791","773","1880","v1.2"
"DIAG_009","PROB_085","SES_003","2024-10-08 03:16:04","Probability","3","248","3","1","1","1","1","0",,,"439","333","661","1433","v1.0"
"DIAG_010","PROB_001","SES_004","2024-10-12 16:08:43","Probability","4","121","3","1","1","1","1","0",,,"375","76","645","1096","v1.1"
"DIAG_011","PROB_039","SES_004","2024-08-05 17:32:25","Probability","2","201","3","1","1","1","1","0",,,"60","301","746","1107","v1.2"
"DIAG_012","PROB_005","SES_004","2024-10-25 00:37:06","Mensuration","5","158","3","1","1","1","1","0",,,"374","174","939","1487","v1.0"
"DIAG_013","PROB_019","SES_005","2024-10-27 14:29:14","Algebra","4","222","4","1","1","1","1","0",,,"232","342","706","1280","v1.1"
"DIAG_014","PROB_068","SES_005","2024-09-17 13:53:48","Geometry","5","139","1","1","1","1","1","0",,,"489","651","149","1289","v1.1"
"DIAG_015","PROB_089","SES_005","2024-08-05 14:07:11","Algebra","4","145","4","1","1","1","0","1","hallucination","embedding","363","229","876","1468","v1.2"
"DIAG_016","PROB_099","SES_006","2024-09-05 22:11:01","Geometry","2","193","4","1","1","1","1","0",,,"115","322","868","1305","v1.2"
"DIAG_017","PROB_092","SES_006","2024-10-13 20:12:27","Geometry","4","55","3","1","1","1","1","0",,,"349","369","422","1140","v1.2"
"DIAG_018","PROB_022","SES_006","2024-09-24 09:43:32","Geometry","4","104","2","1","1","1","1","0",,,"229","297","413","939","v1.1"
"DIAG_019","PROB_067","SES_007","2024-08-05 01:32:17","Arithmetic","1","190","1","1","1","1","1","0",,,"453","263","304","1020","v1.0"
"DIAG_020","PROB_086","SES_007","2024-08-29 15:58:58","Algebra","4","287","2","1","1","1","1","0",,,"251","348","421","1020","v1.2"
"DIAG_021","PROB_075","SES_007","2024-10-07 09:34:18","Ratios","3","90","3","1","1","1","0","1","hallucination","embedding","23","597","1058","1678","v1.2"
"DIAG_022","PROB_081","SES_008","2024-08-12 11:59:30","Algebra","4","94","1","1","1","1","1","0",,,"176","553","252","981","v1.0"
"DIAG_023","PROB_033","SES_008","2024-08-04 04:54:25","Mensuration","3","197","4","1","1","1","1","0",,,"246","642","1042","1930","v1.1"
"DIAG_024","PROB_036","SES_008","2024-08-01 15:53:54","Probability","3","178","2","1","1","1","1","0",,,"281","305","225","811","v1.2"
"DIAG_025","PROB_053","SES_009","2024-10-13 06:29:53","Algebra","3","67","3","1","1","1","1","0",,,"265","541","469","1275","v1.0"
"DIAG_026","PROB_018","SES_009","2024-09-19 03:41:55","Geometry","5","63","4","1","1","1","1","0",,,"179","276","746","1201","v1.2"
"DIAG_027","PROB_079","SES_009","2024-10-26 10:07:27","Geometry","3","200","2","1","1","1","1","0",,,"315","597","797","1709","v1.2"
"DIAG_028","PROB_021","SES_010","2024-09-28 10:27:32","Mensuration","2","100","3","1","1","1","1","0",,,"31","301","866","1198","v1.1"
"DIAG_029","PROB_079","SES_010","2024-10-16 11:56:25","Geometry","3","200","2","1","1","1","0","1","timeout","solver","204","652","656","1512","v1.2"
"DIAG_030","PROB_026","SES_010","2024-10-06 05:53:40","Geometry","4","193","1","1","1","1","1","0",,,"360","61","277","698","v1.2"
"DIAG_031","PROB_045","SES_011","2024-09-20 14:40:36","Algebra","4","287","3","1","1","1","1","0",,,"305","593","975","1873","v1.1"
"DIAG_032","PROB_068","SES_011","2024-08-11 18:42:51","Geometry","5","139","1","1","1","1","1","0",,,"352","324","219","895","v1.1"
"DIAG_033","PROB_003","SES_011","2024-09-08 21:22:17","Algebra","4","63","1","1","1","1","0","1","missing_equation","embedding","93","218","191","502","v1.0"
"DIAG_034","PROB_100","SES_012","2024-09-12 06:26:47","Probability","5","141","1","1","1","1","1","0",,,"55","743","210","1008","v1.1"
"DIAG_035","PROB_001","SES_012","2024-08-14 23:10:26","Probability","4","121","3","1","1","1","1","0",,,"149","324","711","1184","v1.1"
"DIAG_036","PROB_093","SES_012","2024-08-27 22:28:32","Ratios","2","264","2","1","1","1","0","1","syntax_error","embedding","107","403","383","893","v1.2"
"DIAG_037","PROB_020","SES_013","2024-09-06 14:43:45","Geometry","1","240","1","1","1","1","1","0",,,"495","458","211","1164","v1.0"
"DIAG_038","PROB_052","SES_013","2024-10-22 00:28:54","Probability","5","204","4","1","1","1","1","0",,,"320","344","806","1470","v1.1"
"DIAG_039","PROB_021","SES_013","2024-10-28 19:13:46","Mensuration","2","100","3","1","1","1","1","0",,,"190","414","972","1576","v1.0"
"DIAG_040","PROB_054","SES_014","2024-08-15 13:37:10","Probability","1","233","4","1","1","1","0","1","hallucination","extraction","177","687","797","1661","v1.0"
"DIAG_041","PROB_002","SES_014","2024-10-04 15:18:42","Probability","3","196","1","1","1","1","1","0",,,"159","471","330","960","v1.1"
"DIAG_042","PROB_051","SES_014","2024-09-01 03:32:20","Mensuration","1","222","1","1","1","1","1","0",,,"456","79","271","806","v1.2"
"DIAG_043","PROB_015","SES_015","2024-08-27 06:29:56","Algebra","1","122","4","1","1","0","1","0",,,"481","605","864","1950","v1.1"
"DIAG_044","PROB_081","SES_015","2024-09-23 11:46:44","Algebra","4","94","1","1","1","1","1","0",,,"65","236","290","591","v1.1"
"DIAG_045","PROB_041","SES_015","2024-09-25 16:08:52","Mensuration","5","187","3","1","1","1","1","0",,,"419","145","686","1250","v1.0"
"DIAG_046","PROB_048","SES_016","2024-09-11 17:14:13","Mensuration","1","292","1","1","1","1","1","0",,,"463","95","458","1016","v1.2"
"DIAG_047","PROB_074","SES_016","2024-10-07 20:30:02","Geometry","1","122","4","1","1","1","0","1","missing_equation","embedding","317","559","652","1528","v1.2"
"DIAG_048","PROB_006","SES_016","2024-09-11 04:17:34","Ratios","5","263","2","1","1","1","1","0",,,"317","370","593","1280","v1.0"
"DIAG_049","PROB_042","SES_017","2024-08-12 23:17:45","Ratios","2","296","3","1","1","1","1","0",,,"335","437","905","1677","v1.0"
"DIAG_050","PROB_078","SES_017","2024-10-17 03:08:25","Ratios","2","248","4","1","1","1","1","0",,,"444","798","846","2088","v1.1"
"DIAG_051","PROB_047","SES_017","2024-10-27 17:00:51","Mensuration","1","51","3","1","0","0","1","0",,,"332","416","1093","1841","v1.2"
"DIAG_052","PROB_048","SES_018","2024-08-11 05:38:34","Mensuration","1","292","1","1","1","1","0","1","syntax_error","embedding","306","382","317","1005","v1.1"
"DIAG_053","PROB_070","SES_018","2024-08-15 21:16:15","Algebra","5","293","1","1","1","1","1","0",,,"24","291","100","415","v1.2"
"DIAG_054","PROB_074","SES_018","2024-08-27 08:10:32","Geometry","1","122","4","1","1","1","1","0",,,"85","639","617","1341","v1.0"
"DIAG_055","PROB_048","SES_019","2024-08-20 06:55:09","Mensuration","1","292","1","1","1","1","1","0",,,"72","296","132","500","v1.0"
"DIAG_056","PROB_066","SES_019","2024-08-17 22:31:42","Mensuration","4","61","4","1","1","1","1","0",,,"77","131","952","1160","v1.1"
"DIAG_057","PROB_064","SES_019","2024-10-10 14:16:59","Mensuration","5","207","3","1","1","1","1","0",,,"188","376","535","1099","v1.1"
"DIAG_058","PROB_015","SES_020","2024-09-18 00:43:47","Algebra","1","122","4","1","1","1","1","0",,,"465","648","864","1977","v1.2"
"DIAG_059","PROB_013","SES_020","2024-09-07 15:31:05","Probability","4","216","4","1","1","1","1","0",,,"19","192","878","1089","v1.0"
"DIAG_060","PROB_036","SES_020","2024-09-07 06:09:41","Probability","3","178","2","1","1","1","1","0",,,"169","733","561","1463","v1.1"
"DIAG_061","PROB_069","SES_021","2024-10-19 04:59:07","Arithmetic","3","113","3","1","1","1","1","0",,,"498","456","484","1438","v1.0"
"DIAG_062","PROB_089","SES_021","2024-08-06 18:03:46","Algebra","4","145","4","1","1","1","1","0",,,"71","602","1007","1680","v1.2"
"DIAG_063","PROB_083","SES_021","2024-08-11 10:07:37","Ratios","4","190","4","1","1","1","1","0",,,"121","521","1108","1750","v1.2"
"DIAG_064","PROB_065","SES_022","2024-08-30 04:46:58","Algebra","3","288","4","1","1","1","1","0",,,"490","604","848","1942","v1.0"
"DIAG_065","PROB_014","SES_022","2024-09-30 18:49:21","Probability","2","104","2","1","1","1","1","0",,,"293","428","606","1327","v1.0"
"DIAG_066","PROB_081","SES_022","2024-09-10 10:57:35","Algebra","4","94","1","1","1","1","1","0",,,"332","115","218","665","v1.1"
"DIAG_067","PROB_065","SES_023","2024-10-19 03:35:47","Algebra","3","288","4","1","1","1","1","0",,,"116","532","949","1597","v1.0"
"DIAG_068","PROB_006","SES_023","2024-09-01 03:03:56","Ratios","5","263","2","1","1","1","1","0",,,"442","69","262","773","v1.0"
"DIAG_069","PROB_091","SES_023","2024-09-04 05:59:29","Ratios","5","87","2","1","1","1","0","1","syntax_error","solver","103","326","705","1134","v1.1"
"DIAG_070","PROB_043","SES_024","2024-09-15 11:42:21","Geometry","2","129","1","1","1","1","1","0",,,"427","50","217","694","v1.1"
"DIAG_071","PROB_025","SES_024","2024-10-23 04:14:48","Arithmetic","3","226","1","1","1","1","1","0",,,"301","754","439","1494","v1.1"
"DIAG_072","PROB_089","SES_024","2024-09-24 23:34:27","Algebra","4","145","4","1","1","1","1","0",,,"421","651","1067","2139","v1.1"
"DIAG_073","PROB_033","SES_025","2024-10-14 05:58:37","Mensuration","3","197","4","1","1","1","1","0",,,"78","124","902","1104","v1.2"
"DIAG_074","PROB_085","SES_025","2024-08-29 11:45:25","Probability","3","248","3","1","0","0","1","0",,,"77","716","406","1199","v1.1"
"DIAG_075","PROB_094","SES_025","2024-09-10 07:28:54","Arithmetic","5","55","2","1","1","1","1","0",,,"493","611","575","1679","v1.2"
"DIAG_076","PROB_097","SES_026","2024-08-05 07:45:44","Geometry","5","205","1","1","1","0","0","1","hallucination","solver","232","444","417","1093","v1.1"
"DIAG_077","PROB_063","SES_026","2024-10-30 00:59:18","Algebra","2","66","3","1","1","1","1","0",,,"261","238","1067","1566","v1.1"
"DIAG_078","PROB_037","SES_026","2024-10-03 06:58:31","Probability","1","157","1","1","1","1","1","0",,,"275","610","253","1138","v1.1"
"DIAG_079","PROB_032","SES_027","2024-08-12 17:34:31","Arithmetic","4","95","4","1","1","1","1","0",,,"211","169","1121","1501","v1.1"
"DIAG_080","PROB_055","SES_027","2024-08-29 16:20:43","Probability","1","134","4","1","1","1","0","1","arithmetic_error","embedding","435","363","781","1579","v1.2"
"DIAG_081","PROB_027","SES_027","2024-08-23 23:48:15","Arithmetic","2","144","4","1","1","1","1","0",,,"218","137","624","979","v1.1"
"DIAG_082","PROB_005","SES_028","2024-08-01 15:52:09","Mensuration","5","158","3","1","1","1","1","0",,,"426","550","990","1966","v1.2"
"DIAG_083","PROB_066","SES_028","2024-10-21 13:00:43","Mensuration","4","61","4","1","1","1","1","0",,,"498","604","1017","2119","v1.0"
"DIAG_084","PROB_031","SES_028","2024-09-12 06:58:57","Geometry","3","107","2","1","1","1","1","0",,,"202","161","555","918","v1.0"
"DIAG_085","PROB_073","SES_029","2024-09-27 19:18:38","Probability","3","110","1","1","0","0","1","0",,,"372","732","254","1358","v1.2"
"DIAG_086","PROB_099","SES_029","2024-08-03 23:56:22","Geometry","2","193","4","1","1","1","1","0",,,"55","422","1071","1548","v1.2"
"DIAG_087","PROB_090","SES_029","2024-10-15 07:37:30","Probability","3","199","1","1","1","1","1","0",,,"391","185","201","777","v1.2"
"DIAG_088","PROB_018","SES_030","2024-08-22 15:02:57","Geometry","5","63","4","1","1","1","1","0",,,"276","437","849","1562","v1.1"
"DIAG_089","PROB_030","SES_030","2024-10-29 12:04:27","Geometry","3","207","1","1","1","1","1","0",,,"290","343","396","1029","v1.1"
"DIAG_090","PROB_005","SES_030","2024-08-22 06:31:54","Mensuration","5","158","3","1","1","1","1","0",,,"441","332","707","1480","v1.0"
"DIAG_091","PROB_076","SES_031","2024-09-28 11:49:47","Mensuration","1","219","2","1","1","1","1","0",,,"414","620","594","1628","v1.2"
"DIAG_092","PROB_015","SES_031","2024-10-27 23:45:36","Algebra","1","122","4","1","1","1","0","1","missing_equation","solver","51","394","1110","1555","v1.0"
"DIAG_093","PROB_091","SES_031","2024-09-11 02:39:56","Ratios","5","87","2","1","1","1","1","0",,,"287","585","789","1661","v1.1"
"DIAG_094","PROB_030","SES_032","2024-09-13 17:00:52","Geometry","3","207","1","1","1","0","0","1","arithmetic_error","extraction","31","472","105","608","v1.0"
"DIAG_095","PROB_047","SES_032","2024-10-07 07:50:48","Mensuration","1","51","3","1","1","1","1","0",,,"117","762","938","1817","v1.2"
"DIAG_096","PROB_027","SES_032","2024-08-06 12:39:41","Arithmetic","2","144","4","1","1","1","1","0",,,"283","635","925","1843","v1.2"
"DIAG_097","PROB_040","SES_033","2024-08-17 17:39:38","Ratios","5","90","4","1","1","0","1","0",,,"56","95","915","1066","v1.1"
"DIAG_098","PROB_090","SES_033","2024-08-21 07:12:39","Probability","3","199","1","1","1","1","0","1","missing_equation","embedding","73","245","136","454","v1.2"
"DIAG_099","PROB_014","SES_033","2024-09-26 21:52:54","Probability","2","104","2","1","1","1","0","1","timeout","extraction","424","204","494","1122","v1.2"
"DIAG_100","PROB_007","SES_034","2024-08-20 06:05:05","Ratios","4","83","4","1","1","1","1","0",,,"119","254","1141","1514","v1.0"
"DIAG_101","PROB_012","SES_034","2024-08-25 14:23:11","Algebra","3","156","3","1","1","1","1","0",,,"298","445","623","1366","v1.1"
"DIAG_102","PROB_058","SES_035","2024-09-14 09:17:44","Geometry","4","178","2","1","1","1","1","0",,,"367","289","758","1414","v1.2"
"DIAG_103","PROB_044","SES_035","2024-10-18 16:42:33","Probability","2","142","3","1","1","1","1","0",,,"213","512","691","1416","v1.0"
"DIAG_104","PROB_072","SES_035","2024-08-19 11:28:47","Mensuration","4","245","4","1","1","1","1","0",,,"389","623","1089","2101","v1.1"
"DIAG_105","PROB_011","SES_036","2024-09-21 08:55:19","Arithmetic","1","98","2","1","1","1","1","0",,,"145","327","412","884","v1.2"
"DIAG_106","PROB_059","SES_036","2024-10-11 19:47:22","Ratios","3","174","3","1","1","1","0","1","hallucination","solver","256","478","834","1568","v1.0"
"DIAG_107","PROB_035","SES_036","2024-08-28 13:06:54","Algebra","5","271","4","1","1","1","1","0",,,"412","567","1134","2113","v1.1"
"DIAG_108","PROB_077","SES_037","2024-09-09 22:19:36","Geometry","3","189","2","1","1","1","1","0",,,"334","401","712","1447","v1.2"
"DIAG_109","PROB_024","SES_037","2024-10-20 07:33:18","Probability","4","208","3","1","1","1","1","0",,,"278","356","923","1557","v1.0"
"DIAG_110","PROB_050","SES_037","2024-08-16 15:41:29","Mensuration","2","131","2","1","1","1","1","0",,,"189","423","578","1190","v1.1"
"DIAG_111","PROB_088","SES_038","2024-09-25 10:12:45","Algebra","4","197","3","1","1","1","0","1","syntax_error","embedding","267","389","712","1368","v1.2"
"DIAG_112","PROB_062","SES_038","2024-10-09 18:24:57","Geometry","5","254","3","1","1","1","1","0",,,"445","534","1012","1991","v1.0"
"DIAG_113","PROB_046","SES_038","2024-08-21 12:38:41","Ratios","3","168","4","1","1","1","1","0",,,"312","489","867","1668","v1.1"
"DIAG_114","PROB_029","SES_039","2024-09-16 06:51:23","Probability","2","119","2","1","1","1","1","0",,,"167","367","534","1068","v1.2"
"DIAG_115","PROB_071","SES_039","2024-10-25 14:07:09","Arithmetic","4","223","3","1","1","1","1","0",,,"389","512","889","1790","v1.0"
"DIAG_116","PROB_057","SES_039","2024-08-13 20:44:31","Mensuration","3","185","3","1","0","0","1","0",,,"234","601","723","1558","v1.1"
"DIAG_117","PROB_095","SES_040","2024-09-29 09:26:18","Geometry","4","211","4","1","1","1","1","0",,,"401","478","967","1846","v1.2"
"DIAG_118","PROB_038","SES_040","2024-10-17 17:52:44","Algebra","5","279","4","1","1","1","1","0",,,"478","623","1178","2279","v1.0"
"DIAG_119","PROB_080","SES_040","2024-08-24 11:19:57","Probability","3","156","2","1","1","1","1","0",,,"245","412","689","1346","v1.1"
"DIAG_120","PROB_049","SES_041","2024-09-12 15:33:28","Ratios","2","127","3","1","1","1","0","1","timeout","solver","198","389","667","1254","v1.2"
"DIAG_121","PROB_082","SES_041","2024-10-14 08:45:39","Mensuration","4","237","4","1","1","1","1","0",,,"423","556","1045","2024","v1.0"
"DIAG_122","PROB_034","SES_041","2024-08-18 19:28:16","Geometry","3","173","2","1","1","1","1","0",,,"289","434","734","1457","v1.1"
"DIAG_123","PROB_061","SES_042","2024-09-23 12:41:52","Arithmetic","1","102","1","1","1","1","1","0",,,"156","289","367","812","v1.2"
"DIAG_124","PROB_056","SES_042","2024-10-19 21:15:27","Algebra","4","219","3","1","1","1","1","0",,,"356","501","912","1769","v1.0"
"DIAG_125","PROB_084","SES_042","2024-08-26 07:53:44","Probability","5","267","4","1","1","1","1","0",,,"467","601","1156","2224","v1.1"
"DIAG_126","PROB_023","SES_043","2024-09-18 16:07:33","Geometry","2","144","2","1","1","1","1","0",,,"223","378","612","1213","v1.2"
"DIAG_127","PROB_060","SES_043","2024-10-23 10:29:48","Mensuration","4","228","3","1","1","1","0","1","missing_equation","solver","378","489","856","1723","v1.0"
"DIAG_128","PROB_098","SES_043","2024-08-31 14:51:19","Ratios","3","181","4","1","1","1","1","0",,,"334","512","889","1735","v1.1"
"DIAG_129","PROB_017","SES_044","2024-09-27 11:38:26","Algebra","5","283","4","1","1","1","1","0",,,"489","589","1198","2276","v1.2"
"DIAG_130","PROB_009","SES_044","2024-10-15 18:22:41","Probability","3","162","2","1","1","1","1","0",,,"267","423","723","1413","v1.0"
"DIAG_131","PROB_008","SES_044","2024-08-27 09:47:15","Arithmetic","2","115","2","1","1","1","1","0",,,"178","345","523","1046","v1.1"
"DIAG_132","PROB_010","SES_045","2024-09-20 13:19:54","Geometry","4","206","3","1","1","1","1","0",,,"367","467","934","1768","v1.2"
"DIAG_133","PROB_101","SES_045","2024-10-26 07:43:28","Mensuration","5","261","4","1","1","0","1","0",,,"434","578","1089","2101","v1.0"
"DIAG_134","PROB_102","SES_045","2024-08-22 16:28:37","Ratios","2","139","3","1","1","1","1","0",,,"212","389","667","1268","v1.1"
"DIAG_135","PROB_103","SES_046","2024-09-15 08:54:19","Algebra","3","175","3","1","1","1","0","1","hallucination","embedding","289","423","789","1501","v1.2"
"DIAG_136","PROB_104","SES_046","2024-10-21 15:37:42","Probability","4","224","3","1","1","1","1","0",,,"389","512","967","1868","v1.0"
"DIAG_137","PROB_105","SES_046","2024-08-29 12:16:53","Geometry","5","273","4","1","1","1","1","0",,,"478","612","1167","2257","v1.1"
"DIAG_138","PROB_106","SES_047","2024-09-24 19:42:18","Mensuration","1","94","1","1","1","1","1","0",,,"134","267","389","790","v1.2"
"DIAG_139","PROB_107","SES_047","2024-10-18 11:25:36","Arithmetic","3","167","2","1","1","1","1","0",,,"256","401","701","1358","v1.0"
"DIAG_140","PROB_108","SES_047","2024-08-14 17:39:27","Ratios","4","217","4","1","1","1","1","0",,,"378","523","945","1846","v1.1"
"DIAG_141","PROB_109","SES_048","2024-09-11 14:08:45","Algebra","5","289","4","1","1","1","1","0",,,"501","634","1212","2347","v1.2"
"DIAG_142","PROB_110","SES_048","2024-10-29 09:51:23","Probability","2","126","2","1","1","1","0","1","syntax_error","solver","189","356","634","1179","v1.0"
"DIAG_143","PROB_111","SES_048","2024-08-19 13:27:39","Geometry","4","234","3","1","1","1","1","0",,,"412","534","1012","1958","v1.1"
"DIAG_144","PROB_112","SES_049","2024-09-26 10:19:57","Mensuration","3","179","3","1","0","0","1","0",,,"289","512","812","1613","v1.2"
"DIAG_145","PROB_113","SES_049","2024-10-12 16:44:31","Ratios","5","256","4","1","1","1","1","0",,,"445","589","1123","2157","v1.0"
"DIAG_146","PROB_114","SES_049","2024-08-23 11:32:48","Algebra","2","133","2","1","1","1","1","0",,,"201","367","589","1157","v1.1"
"DIAG_147","PROB_115","SES_050","2024-09-17 08:46:15","Probability","4","229","3","1","1","1","1","0",,,"389","489","978","1856","v1.2"
"DIAG_148","PROB_116","SES_050","2024-10-24 14:23:52","Geometry","5","278","4","1","1","1","1","0",,,"489","623","1189","2301","v1.0"
"DIAG_149","PROB_117","SES_050","2024-08-17 19:07:26","Arithmetic","1","88","1","1","1","1","1","0",,,"123","245","334","702","v1.1"
"DIAG_150","PROB_118","SES_051","2024-09-22 12:54:39","Mensuration","3","184","3","1","1","1","0","1","missing_equation","embedding","301","445","767","1513","v1.2"
"DIAG_151","PROB_119","SES_051","2024-10-16 18:31:17","Ratios","4","241","4","1","1","1","1","0",,,"423","556","1034","2013","v1.0"
"DIAG_152","PROB_120","SES_051","2024-08-25 09:18:43","Algebra","5","286","4","1","1","1","1","0",,,"495","612","1201","2308","v1.1"
"DIAG_153","PROB_121","SES_052","2024-09-19 15:39:28","Probability","2","137","2","1","1","1","1","0",,,"217","378","623","1218","v1.2"
"DIAG_154","PROB_122","SES_052","2024-10-27 11:47:54","Geometry","4","218","3","1","1","1","1","0",,,"378","501","956","1835","v1.0"
"DIAG_155","PROB_123","SES_052","2024-08-20 16:23:19","Mensuration","3","171","2","1","1","1","1","0",,,"278","423","734","1435","v1.1"
"DIAG_156","PROB_124","SES_053","2024-09-13 10:52:37","Arithmetic","5","249","3","1","1","1","1","0",,,"434","567","1067","2068","v1.2"
"DIAG_157","PROB_125","SES_053","2024-10-19 17:28:46","Ratios","1","76","2","1","1","1","1","0",,,"98","234","401","733","v1.0"
"DIAG_158","PROB_126","SES_053","2024-08-28 13:41:25","Algebra","4","232","3","1","1","1","0","1","timeout","solver","389","478","889","1756","v1.1"
"DIAG_159","PROB_127","SES_054","2024-09-25 09:17:53","Probability","3","159","2","1","1","1","1","0",,,"256","412","689","1357","v1.2"
"DIAG_160","PROB_128","SES_054","2024-10-22 14:36:28","Geometry","5","269","4","1","1","1","1","0",,,"467","601","1145","2213","v1.0"
"DIAG_161","PROB_129","SES_054","2024-08-16 11:49:37","Mensuration","2","128","2","1","1","1","1","0",,,"195","345","578","1118","v1.1"
"DIAG_162","PROB_130","SES_055","2024-09-21 16:24:45","Ratios","4","226","4","1","1","1","1","0",,,"389","534","989","1912","v1.2"
"DIAG_163","PROB_131","SES_055","2024-10-13 10:51:19","Algebra","5","291","4","1","1","0","1","0",,,"512","645","1223","2380","v1.0"
"DIAG_164","PROB_132","SES_055","2024-08-24 15:28:32","Probability","3","164","2","1","1","1","1","0",,,"267","401","712","1380","v1.1"
"DIAG_165","PROB_133","SES_056","2024-09-18 12:43:26","Geometry","2","146","2","1","1","1","1","0",,,"228","367","623","1218","v1.2"
"DIAG_166","PROB_134","SES_056","2024-10-25 08:19:47","Arithmetic","4","221","3","1","1","1","0","1","hallucination","solver","378","489","867","1734","v1.0"
"DIAG_167","PROB_135","SES_056","2024-08-21 14:37:58","Mensuration","5","264","4","1","1","1","1","0",,,"456","589","1134","2179","v1.1"
"DIAG_168","PROB_136","SES_057","2024-09-14 09:52:34","Ratios","1","81","2","1","1","1","1","0",,,"112","256","378","746","v1.2"
"DIAG_169","PROB_137","SES_057","2024-10-20 16:28:41","Algebra","3","177","3","1","1","1","1","0",,,"289","434","745","1468","v1.0"
"DIAG_170","PROB_138","SES_057","2024-08-18 11:46:29","Probability","4","235","3","1","1","1","1","0",,,"401","512","978","1891","v1.1"
"DIAG_171","PROB_139","SES_058","2024-09-23 14:19:52","Geometry","5","276","4","1","1","1","1","0",,,"478","612","1178","2268","v1.2"
"DIAG_172","PROB_140","SES_058","2024-10-17 10:37:26","Mensuration","2","134","2","1","0","0","1","0",,,"206","378","612","1196","v1.0"
"DIAG_173","PROB_141","SES_058","2024-08-26 17:23:48","Arithmetic","4","214","3","1","1","1","1","0",,,"367","489","934","1790","v1.1"
"DIAG_174","PROB_142","SES_059","2024-09-20 11:48:37","Ratios","3","169","3","1","1","1","0","1","syntax_error","embedding","278","401","756","1435","v1.2"
"DIAG_175","PROB_143","SES_059","2024-10-28 15:26:54","Algebra","5","284","4","1","1","1","1","0",,,"489","623","1189","2301","v1.0"
"DIAG_176","PROB_144","SES_059","2024-08-22 13:42:19","Probability","2","141","2","1","1","1","1","0",,,"217","356","634","1207","v1.1"
"DIAG_177","PROB_145","SES_060","2024-09-16 08:27:43","Geometry","4","227","3","1","1","1","1","0",,,"389","501","967","1857","v1.2"
"DIAG_178","PROB_146","SES_060","2024-10-23 12:54:38","Mensuration","5","272","4","1","1","1","1","0",,,"467","589","1156","2212","v1.0"
"DIAG_179","PROB_147","SES_060","2024-08-19 16:18:27","Ratios","1","79","2","1","1","1","1","0",,,"106","245","367","718","v1.1"
"DIAG_180","PROB_148","SES_061","2024-09-12 13:36:51","Algebra","3","182","3","1","1","1","0","1","missing_equation","solver","295","445","778","1518","v1.2"
"DIAG_181","PROB_149","SES_061","2024-10-18 09:43:29","Probability","4","239","3","1","1","1","1","0",,,"412","523","989","1924","v1.0"
"DIAG_182","PROB_150","SES_061","2024-08-25 12:28:46","Geometry","5","281","4","1","1","1","1","0",,,"489","612","1201","2302","v1.1"
"DIAG_183","PROB_151","SES_062","2024-09-24 10:51:34","Mensuration","2","136","2","1","1","1","1","0",,,"209","367","601","1177","v1.2"
"DIAG_184","PROB_152","SES_062","2024-10-30 14:27:18","Arithmetic","4","219","3","1","1","1","1","0",,,"378","489","923","1790","v1.0"
"DIAG_185","PROB_153","SES_062","2024-08-17 09:46:52","Ratios","3","166","3","1","1","1","1","0",,,"267","423","734","1424","v1.1"
"DIAG_186","PROB_154","SES_063","2024-09-19 15:32:27","Algebra","5","287","4","1","1","1","1","0",,,"495","623","1212","2330","v1.2"
"DIAG_187","PROB_155","SES_063","2024-10-14 11:48:39","Probability","1","92","1","1","1","1","1","0",,,"128","267","378","773","v1.0"
"DIAG_188","PROB_156","SES_063","2024-08-23 14:19:53","Geometry","4","231","3","1","0","0","1","0",,,"389","512","956","1857","v1.1"
"DIAG_189","PROB_157","SES_064","2024-09-27 12:37:46","Mensuration","3","174","2","1","1","1","0","1","timeout","solver","278","412","723","1413","v1.2"
"DIAG_190","PROB_158","SES_064","2024-10-21 17:53:28","Ratios","5","259","4","1","1","1","1","0",,,"445","578","1123","2146","v1.0"
"DIAG_191","PROB_159","SES_064","2024-08-29 10:24:37","Algebra","2","129","2","1","1","1","1","0",,,"195","345","589","1129","v1.1"
"DIAG_192","PROB_160","SES_065","2024-09-22 09:48:19","Probability","4","243","3","1","1","1","1","0",,,"423","534","1001","1958","v1.2"
"DIAG_193","PROB_161","SES_065","2024-10-16 13:26:45","Geometry","5","274","4","1","1","1","1","0",,,"478","601","1167","2246","v1.0"
"DIAG_194","PROB_162","SES_065","2024-08-20 16:39:52","Arithmetic","3","152","2","1","1","1","1","0",,,"245","389","678","1312","v1.1"
"DIAG_195","PROB_163","SES_066","2024-09-15 11:27:38","Mensuration","2","138","2","1","1","1","1","0",,,"212","356","612","1180","v1.2"
"DIAG_196","PROB_164","SES_066","2024-10-27 08:42:54","Ratios","4","233","4","1","1","1","0","1","hallucination","embedding","389","489","912","1790","v1.0"
"DIAG_197","PROB_165","SES_066","2024-08-16 13:58:27","Algebra","5","290","4","1","1","1","1","0",,,"501","634","1223","2358","v1.1"
"DIAG_198","PROB_166","SES_067","2024-09-11 14:36:43","Probability","1","86","1","1","1","1","1","0",,,"117","256","356","729","v1.2"
"DIAG_199","PROB_167","SES_067","2024-10-23 10:19:28","Geometry","3","186","3","1","1","1","1","0",,,"312","445","767","1524","v1.0"
"DIAG_200","PROB_168","SES_067","2024-08-27 15:47:39","Mensuration","4","244","3","1","1","1","1","0",,,"423","523","1012","1958","v1.1"
"DIAG_201","PROB_169","SES_068","2024-09-18 12:28:51","Ratios","5","266","4","1","1","0","1","0",,,"456","589","1145","2190","v1.2"
"DIAG_202","PROB_170","SES_068","2024-10-19 16:44:37","Algebra","2","143","2","1","1","1","1","0",,,"223","367","645","1235","v1.0"
"DIAG_203","PROB_171","SES_068","2024-08-24 11:32:18","Probability","4","236","3","1","0","0","1","0",,,"401","512","978","1891","v1.1"
"DIAG_204","PROB_172","SES_069","2024-09-26 09:51:46","Geometry","5","279","4","1","1","1","1","0",,,"489","612","1189","2290","v1.2"
"DIAG_205","PROB_173","SES_069","2024-10-15 14:27:33","Arithmetic","1","95","1","1","1","1","1","0",,,"134","267","389","790","v1.0"
"DIAG_206","PROB_174","SES_069","2024-08-21 17:43:29","Mensuration","3","177","3","1","1","1","0","1","syntax_error","solver","289","423","756","1468","v1.1"
"DIAG_207","PROB_175","SES_070","2024-09-23 13:19:57","Ratios","4","238","4","1","1","1","1","0",,,"412","534","989","1935","v1.2"
"DIAG_208","PROB_176","SES_070","2024-10-28 10:36:42","Algebra","5","285","4","1","1","1","1","0",,,"495","623","1201","2319","v1.0"
"DIAG_209","PROB_177","SES_070","2024-08-18 14:52:26","Probability","2","147","2","1","1","1","1","0",,,"234","378","634","1246","v1.1"
"DIAG_210","PROB_178","SES_071","2024-09-20 11:28:39","Geometry","4","229","3","1","1","1","1","0",,,"389","501","967","1857","v1.2"
"DIAG_211","PROB_179","SES_071","2024-10-24 15:47:51","Mensuration","5","271","4","1","1","1","1","0",,,"467","589","1156","2212","v1.0"
"DIAG_212","PROB_180","SES_071","2024-08-26 12:23:48","Ratios","3","161","3","1","1","1","1","0",,,"256","412","712","1380","v1.1"
"DIAG_213","PROB_181","SES_072","2024-09-17 08:46:33","Algebra","1","84","2","1","1","1","1","0",,,"112","245","378","735","v1.2"
"DIAG_214","PROB_182","SES_072","2024-10-21 13:29:47","Probability","4","241","3","1","1","1","0","1","missing_equation","embedding","412","489","956","1857","v1.0"
"DIAG_215","PROB_183","SES_072","2024-08-22 16:38:25","Geometry","5","282","4","1","1","1","1","0",,,"489","612","1201","2302","v1.1"
"DIAG_216","PROB_184","SES_073","2024-09-13 10:54:19","Mensuration","2","132","2","1","1","1","1","0",,,"201","356","601","1158","v1.2"
"DIAG_217","PROB_185","SES_073","2024-10-18 17:26:43","Arithmetic","4","223","3","1","1","1","1","0",,,"378","489","934","1801","v1.0"
"DIAG_218","PROB_186","SES_073","2024-08-19 13:47:52","Ratios","3","172","3","1","1","1","1","0",,,"278","423","745","1446","v1.1"
"DIAG_219","PROB_187","SES_074","2024-09-25 15:32:28","Algebra","5","288","4","1","0","0","1","0",,,"501","623","1212","2336","v1.2"
"DIAG_220","PROB_188","SES_074","2024-10-29 11:48:36","Probability","2","149","2","1","1","1","1","0",,,"239","367","645","1251","v1.0"
"DIAG_221","PROB_189","SES_074","2024-08-15 09:26:41","Geometry","4","234","3","1","1","1","1","0",,,"401","512","978","1891","v1.1"
"DIAG_222","PROB_190","SES_075","2024-09-21 12:39:54","Mensuration","3","180","3","1","1","1","0","1","timeout","solver","295","434","767","1496","v1.2"
"DIAG_223","PROB_191","SES_075","2024-10-16 16:27:38","Ratios","5","262","4","1","1","1","1","0",,,"456","578","1134","2168","v1.0"
"DIAG_224","PROB_192","SES_075","2024-08-28 14:43:27","Algebra","1","78","2","1","1","1","1","0",,,"101","234","367","702","v1.1"
"DIAG_225","PROB_193","SES_076","2024-09-18 10:58:46","Probability","4","245","3","1","1","1","1","0",,,"428","534","1012","1974","v1.2"
"DIAG_226","PROB_194","SES_076","2024-10-22 14:36:52","Geometry","5","277","4","1","1","1","1","0",,,"483","612","1178","2273","v1.0"
"DIAG_227","PROB_195","SES_076","2024-08-24 11:47:39","Arithmetic","2","125","2","1","1","1","1","0",,,"189","345","578","1112","v1.1"
"DIAG_228","PROB_196","SES_077","2024-09-14 15:28:33","Mensuration","4","247","4","1","1","1","0","1","hallucination","solver","434","523","1023","1980","v1.2"
"DIAG_229","PROB_197","SES_077","2024-10-27 09:42:18","Ratios","3","165","3","1","1","1","1","0",,,"267","412","723","1402","v1.0"
"DIAG_230","PROB_198","SES_077","2024-08-20 13:26:45","Algebra","5","292","4","1","1","1","1","0",,,"506","634","1234","2374","v1.1"
"DIAG_231","PROB_199","SES_078","2024-09-26 11:39:27","Probability","1","89","1","1","1","1","1","0",,,"123","256","367","746","v1.2"
"DIAG_232","PROB_200","SES_078","2024-10-20 17:54:39","Geometry","3","188","3","1","1","1","1","0",,,"317","445","778","1540","v1.0"
"DIAG_233","PROB_012","SES_078","2024-08-16 10:28:51","Mensuration","4","246","3","1","0","0","1","0",,,"428","534","1001","1963","v1.1"
"DIAG_234","PROB_058","SES_079","2024-09-22 14:47:36","Ratios","5","268","4","1","1","1","1","0",,,"461","589","1156","2206","v1.2"
"DIAG_235","PROB_044","SES_079","2024-10-18 12:36:48","Algebra","2","145","2","1","1","1","1","0",,,"228","367","656","1251","v1.0"
"DIAG_236","PROB_072","SES_079","2024-08-27 16:52:33","Probability","4","237","3","1","1","1","0","1","syntax_error","embedding","406","489","945","1840","v1.1"
"DIAG_237","PROB_011","SES_080","2024-09-19 09:38:42","Geometry","5","280","4","1","1","1","1","0",,,"489","612","1189","2290","v1.2"
"DIAG_238","PROB_059","SES_080","2024-10-25 15:47:29","Mensuration","3","176","2","1","1","1","1","0",,,"283","423","756","1462","v1.0"
"DIAG_239","PROB_035","SES_080","2024-08-21 12:29:37","Arithmetic","1","97","1","1","1","1","1","0",,,"139","267","389","795","v1.1"
"DIAG_240","PROB_077","SES_081","2024-09-15 13:54:28","Ratios","4","240","4","1","1","1","1","0",,,"417","534","989","1940","v1.2"
"DIAG_241","PROB_024","SES_081","2024-10-30 10:28:46","Algebra","5","289","4","1","1","1","1","0",,,"501","623","1223","2347","v1.0"
"DIAG_242","PROB_050","SES_081","2024-08-18 14:39:52","Probability","2","151","2","1","1","1","1","0",,,"245","378","645","1268","v1.1"
"DIAG_243","PROB_088","SES_082","2024-09-24 11:47:35","Geometry","4","232","3","1","1","1","0","1","missing_equation","solver","395","512","967","1874","v1.2"
"DIAG_244","PROB_062","SES_082","2024-10-19 16:33:49","Mensuration","5","273","4","1","1","1","1","0",,,"472","601","1167","2240","v1.0"
"DIAG_245","PROB_046","SES_082","2024-08-25 10:26:38","Ratios","3","163","3","1","1","1","1","0",,,"261","412","712","1385","v1.1"
"DIAG_246","PROB_029","SES_083","2024-09-20 15:38:27","Algebra","1","82","2","1","1","1","1","0",,,"106","245","367","718","v1.2"
"DIAG_247","PROB_071","SES_083","2024-10-26 12:49:53","Probability","4","242","3","1","1","1","1","0",,,"423","534","1001","1958","v1.0"
"DIAG_248","PROB_057","SES_083","2024-08-22 17:24:46","Geometry","5","283","4","1","1","0","1","0",,,"495","612","1201","2308","v1.1"
"DIAG_249","PROB_095","SES_084","2024-09-17 10:36:39","Mensuration","2","135","2","1","1","1","1","0",,,"206","356","612","1174","v1.2"
"DIAG_250","PROB_038","SES_084","2024-10-23 14:52:28","Arithmetic","4","220","3","1","1","1","0","1","timeout","embedding","378","489","923","1790","v1.0"
"DIAG_251","PROB_080","SES_084","2024-08-19 13:28:37","Ratios","3","168","3","1","1","1","1","0",,,"272","423","734","1429","v1.1"
"DIAG_252","PROB_049","SES_085","2024-09-25 12:47:51","Algebra","5","293","4","1","1","1","1","0",,,"506","634","1234","2374","v1.2"
"DIAG_253","PROB_082","SES_085","2024-10-20 09:36:42","Probability","2","148","2","1","1","1","1","0",,,"234","367","634","1235","v1.0"
"DIAG_254","PROB_034","SES_085","2024-08-26 15:43:29","Geometry","4","235","3","1","0","0","1","0",,,"406","523","978","1907","v1.1"
"DIAG_255","PROB_061","SES_086","2024-09-21 14:29:38","Mensuration","5","275","4","1","1","1","1","0",,,"478","601","1178","2257","v1.2"
"DIAG_256","PROB_056","SES_086","2024-10-17 11:48:53","Ratios","1","75","2","1","1","1","1","0",,,"95","234","378","707","v1.0"
"DIAG_257","PROB_084","SES_086","2024-08-23 12:37:46","Algebra","3","183","3","1","1","1","0","1","hallucination","embedding","300","434","767","1501","v1.1"
"DIAG_258","PROB_023","SES_087","2024-09-18 09:53:27","Probability","4","244","3","1","1","1","1","0",,,"428","534","1012","1974","v1.2"
"DIAG_259","PROB_060","SES_087","2024-10-29 16:27:49","Geometry","5","281","4","1","1","1","1","0",,,"489","612","1201","2302","v1.0"
"DIAG_260","PROB_098","SES_087","2024-08-20 14:46:38","Arithmetic","2","124","2","1","1","1","1","0",,,"184","345","578","1107","v1.1"
"DIAG_261","PROB_017","SES_088","2024-09-14 13:28:45","Mensuration","4","248","4","1","1","1","1","0",,,"434","534","1023","1991","v1.2"
"DIAG_262","PROB_009","SES_088","2024-10-24 10:47:36","Ratios","3","167","3","1","1","1","0","1","syntax_error","solver","272","423","745","1440","v1.0"
"DIAG_263","PROB_008","SES_088","2024-08-17 16:39:52","Algebra","5","294","4","1","1","1","1","0",,,"511","634","1245","2390","v1.1"
"DIAG_264","PROB_010","SES_089","2024-09-26 11:52:38","Probability","1","91","1","1","1","1","1","0",,,"128","256","367","751","v1.2"
"DIAG_265","PROB_101","SES_089","2024-10-21 15:36:47","Geometry","3","189","3","1","1","1","1","0",,,"317","445","778","1540","v1.0"
"DIAG_266","PROB_102","SES_089","2024-08-28 12:48:33","Mensuration","4","249","3","1","1","0","1","0",,,"439","534","1012","1985","v1.1"
"DIAG_267","PROB_103","SES_090","2024-09-22 14:37:29","Ratios","5","270","4","1","1","1","1","0",,,"467","589","1167","2223","v1.2"
"DIAG_268","PROB_104","SES_090","2024-10-18 09:28:46","Algebra","2","146","2","1","1","1","1","0",,,"228","367","656","1251","v1.0"
"DIAG_269","PROB_105","SES_090","2024-08-24 17:43:52","Probability","4","238","3","1","1","1","0","1","missing_equation","embedding","412","489","956","1857","v1.1"
"DIAG_270","PROB_106","SES_091","2024-09-19 10:54:37","Geometry","5","284","4","1","1","1","1","0",,,"495","612","1212","2319","v1.2"
"DIAG_271","PROB_107","SES_091","2024-10-27 14:39:48","Mensuration","3","178","2","1","1","1","1","0",,,"289","423","767","1479","v1.0"
"DIAG_272","PROB_108","SES_091","2024-08-21 11:26:39","Arithmetic","1","99","1","1","1","1","1","0",,,"139","267","389","795","v1.1"
"DIAG_273","PROB_109","SES_092","2024-09-16 15:47:33","Ratios","4","242","4","1","1","1","1","0",,,"423","534","1001","1958","v1.2"
"DIAG_274","PROB_110","SES_092","2024-10-22 11:28:46","Algebra","5","291","4","1","0","0","1","0",,,"506","623","1223","2352","v1.0"
"DIAG_275","PROB_111","SES_092","2024-08-18 16:39:27","Probability","2","153","2","1","1","1","1","0",,,"250","378","656","1284","v1.1"
"DIAG_276","PROB_112","SES_093","2024-09-25 12:53:48","Geometry","4","236","3","1","1","1","0","1","timeout","solver","406","512","978","1896","v1.2"
"DIAG_277","PROB_113","SES_093","2024-10-19 16:47:52","Mensuration","5","276","4","1","1","1","1","0",,,"478","601","1189","2268","v1.0"
"DIAG_278","PROB_114","SES_093","2024-08-26 13:29:36","Ratios","3","165","3","1","1","1","1","0",,,"267","412","723","1402","v1.1"
"DIAG_279","PROB_115","SES_094","2024-09-21 10:38:42","Algebra","1","80","2","1","1","1","1","0",,,"101","234","356","691","v1.2"
"DIAG_280","PROB_116","SES_094","2024-10-28 15:52:37","Probability","4","246","3","1","1","1","1","0",,,"434","534","1023","1991","v1.0"
"DIAG_281","PROB_117","SES_094","2024-08-23 12:47:29","Geometry","5","285","4","1","1","1","1","0",,,"500","623","1212","2335","v1.1"
"DIAG_282","PROB_118","SES_095","2024-09-17 14:36:48","Mensuration","2","137","2","1","1","1","1","0",,,"212","356","612","1180","v1.2"
"DIAG_283","PROB_119","SES_095","2024-10-24 10:48:53","Arithmetic","4","222","3","1","1","1","0","1","hallucination","solver","389","489","934","1812","v1.0"
"DIAG_284","PROB_120","SES_095","2024-08-20 17:26:39","Ratios","3","170","3","1","1","1","1","0",,,"278","423","745","1446","v1.1"
"DIAG_285","PROB_121","SES_096","2024-09-13 11:47:36","Algebra","5","295","4","1","1","1","1","0",,,"511","634","1245","2390","v1.2"
"DIAG_286","PROB_122","SES_096","2024-10-20 16:38:42","Probability","2","150","2","1","1","1","1","0",,,"239","367","645","1251","v1.0"
"DIAG_287","PROB_123","SES_096","2024-08-16 13:52:48","Geometry","4","239","3","1","0","0","1","0",,,"417","523","989","1929","v1.1"
"DIAG_288","PROB_124","SES_097","2024-09-24 15:29:37","Mensuration","5","277","4","1","1","1","1","0",,,"483","612","1178","2273","v1.2"
"DIAG_289","PROB_125","SES_097","2024-10-17 12:47:53","Ratios","1","77","2","1","1","1","1","0",,,"98","234","378","710","v1.0"
"DIAG_290","PROB_126","SES_097","2024-08-27 10:36:29","Algebra","3","185","3","1","1","1","0","1","syntax_error","embedding","306","434","778","1518","v1.1"
"DIAG_291","PROB_127","SES_098","2024-09-20 13:48:46","Probability","4","247","3","1","1","1","1","0",,,"434","534","1023","1991","v1.2"
"DIAG_292","PROB_128","SES_098","2024-10-29 09:36:52","Geometry","5","286","4","1","1","1","1","0",,,"500","623","1212","2335","v1.0"
"DIAG_293","PROB_129","SES_098","2024-08-22 16:47:38","Arithmetic","2","126","2","1","1","1","1","0",,,"189","345","589","1123","v1.1"
"DIAG_294","PROB_130","SES_099","2024-09-18 11:52:34","Mensuration","4","250","4","1","1","1","1","0",,,"439","534","1034","2007","v1.2"
"DIAG_295","PROB_131","SES_099","2024-10-25 15:38:47","Ratios","3","169","3","1","1","1","0","1","missing_equation","solver","278","423","756","1457","v1.0"
"DIAG_296","PROB_132","SES_099","2024-08-19 14:29:53","Algebra","5","296","4","1","1","1","1","0",,,"517","634","1256","2407","v1.1"
"DIAG_297","PROB_133","SES_100","2024-09-15 10:47:29","Probability","1","93","1","1","1","1","1","0",,,"128","256","367","751","v1.2"
"DIAG_298","PROB_134","SES_100","2024-10-21 17:36:48","Geometry","3","191","3","1","1","1","1","0",,,"323","445","789","1557","v1.0"
"DIAG_299","PROB_135","SES_100","2024-08-25 12:48:37","Mensuration","4","251","3","1","1","0","1","0",,,"445","534","1023","2002","v1.1"
"DIAG_300","PROB_136","SES_101","2024-09-26 14:37:52","Ratios","5","272","4","1","1","1","1","0",,,"472","601","1167","2240","v1.2"
"DIAG_301","PROB_137","SES_101","2024-10-18 11:28:46","Algebra","2","148","2","1","1","1","1","0",,,"234","367","667","1268","v1.0"
"DIAG_302","PROB_138","SES_101","2024-08-21 17:47:39","Probability","4","240","3","1","1","1","0","1","timeout","embedding","417","489","967","1873","v1.1"
"DIAG_303","PROB_139","SES_102","2024-09-22 12:53:28","Geometry","5","287","4","1","1","1","1","0",,,"506","623","1223","2352","v1.2"
"DIAG_304","PROB_140","SES_102","2024-10-30 16:47:37","Mensuration","3","181","2","1","1","1","1","0",,,"295","434","778","1507","v1.0"
"DIAG_305","PROB_141","SES_102","2024-08-18 13:36:48","Arithmetic","1","100","1","1","1","1","1","0",,,"145","267","401","813","v1.1"
"DIAG_306","PROB_142","SES_103","2024-09-19 15:48:53","Ratios","4","243","4","1","1","1","1","0",,,"428","534","1012","1974","v1.2"
"DIAG_307","PROB_143","SES_103","2024-10-26 10:37:46","Algebra","5","292","4","1","0","0","1","0",,,"511","623","1234","2368","v1.0"
"DIAG_308","PROB_144","SES_103","2024-08-24 16:52:39","Probability","2","154","2","1","1","1","1","0",,,"250","378","667","1295","v1.1"
"DIAG_309","PROB_145","SES_104","2024-09-16 11:47:29","Geometry","4","237","3","1","1","1","0","1","hallucination","solver","411","512","978","1901","v1.2"
"DIAG_310","PROB_146","SES_104","2024-10-23 15:36:48","Mensuration","5","278","4","1","1","1","1","0",,,"483","612","1189","2284","v1.0"
"DIAG_311","PROB_147","SES_104","2024-08-20 12:48:37","Ratios","3","166","3","1","1","1","1","0",,,"267","412","734","1413","v1.1"
"DIAG_312","PROB_148","SES_105","2024-09-23 14:29:53","Algebra","1","85","2","1","1","1","1","0",,,"112","245","378","735","v1.2"
"DIAG_313","PROB_149","SES_105","2024-10-19 10:47:36","Probability","4","248","3","1","1","1","1","0",,,"439","534","1034","2007","v1.0"
"DIAG_314","PROB_150","SES_105","2024-08-17 17:36:42","Geometry","5","288","4","1","1","1","1","0",,,"506","623","1223","2352","v1.1"
"DIAG_315","PROB_151","SES_106","2024-09-20 12:52:48","Mensuration","2","138","2","1","1","1","1","0",,,"212","356","623","1191","v1.2"
"DIAG_316","PROB_152","SES_106","2024-10-28 17:48:39","Arithmetic","4","224","3","1","1","1","0","1","syntax_error","embedding","389","489","945","1823","v1.0"
"DIAG_317","PROB_153","SES_106","2024-08-26 14:37:52","Ratios","3","172","3","1","1","1","1","0",,,"278","423","756","1457","v1.1"
"DIAG_318","PROB_154","SES_107","2024-09-17 11:48:37","Algebra","5","297","4","1","1","1","1","0",,,"517","634","1256","2407","v1.2"
"DIAG_319","PROB_155","SES_107","2024-10-24 14:36:48","Probability","2","152","2","1","1","1","1","0",,,"245","378","656","1279","v1.0"
"DIAG_320","PROB_156","SES_107","2024-08-22 10:47:29","Geometry","4","241","3","1","0","0","1","0",,,"423","523","1001","1947","v1.1"
"DIAG_321","PROB_157","SES_108","2024-09-14 15:38:46","Mensuration","5","279","4","1","1","1","1","0",,,"489","612","1201","2302","v1.2"
"DIAG_322","PROB_158","SES_108","2024-10-20 11:52:37","Ratios","1","74","2","1","1","1","1","0",,,"92","234","367","693","v1.0"
"DIAG_323","PROB_159","SES_108","2024-08-19 16:47:53","Algebra","3","187","3","1","1","1","0","1","missing_equation","embedding","306","434","789","1529","v1.1"
"DIAG_324","PROB_160","SES_109","2024-09-25 13:36:42","Probability","4","249","3","1","1","1","1","0",,,"439","534","1034","2007","v1.2"
"DIAG_325","PROB_161","SES_109","2024-10-17 09:48:29","Geometry","5","289","4","1","1","1","1","0",,,"506","623","1234","2363","v1.0"
"DIAG_326","PROB_162","SES_109","2024-08-28 15:37:46","Arithmetic","2","127","2","1","1","1","1","0",,,"195","345","601","1141","v1.1"
"DIAG_327","PROB_163","SES_110","2024-09-21 11:48:53","Mensuration","4","252","4","1","1","1","1","0",,,"445","534","1045","2024","v1.2"
"DIAG_328","PROB_164","SES_110","2024-10-29 16:37:48","Ratios","3","171","3","1","1","1","0","1","timeout","solver","283","423","767","1473","v1.0"
"DIAG_329","PROB_165","SES_110","2024-08-25 12:47:36","Algebra","5","298","4","1","1","1","1","0",,,"522","634","1267","2423","v1.1"
"DIAG_330","PROB_166","SES_111","2024-09-18 14:36:49","Probability","1","96","1","1","1","1","1","0",,,"134","256","378","768","v1.2"
"DIAG_331","PROB_167","SES_111","2024-10-25 11:48:37","Geometry","3","193","3","1","1","1","1","0",,,"328","445","801","1574","v1.0"
"DIAG_332","PROB_168","SES_111","2024-08-21 17:52:48","Mensuration","4","253","3","1","1","0","1","0",,,"450","534","1034","2018","v1.1"
"DIAG_333","PROB_169","SES_112","2024-09-15 12:47:39","Ratios","5","274","4","1","1","1","1","0",,,"478","601","1178","2257","v1.2"
"DIAG_334","PROB_170","SES_112","2024-10-21 15:36:52","Algebra","2","150","2","1","1","1","1","0",,,"239","367","656","1262","v1.0"
"DIAG_335","PROB_171","SES_112","2024-08-18 13:48:46","Probability","4","242","3","1","1","1","0","1","hallucination","embedding","423","489","989","1901","v1.1"
"DIAG_336","PROB_172","SES_113","2024-09-26 15:37:53","Geometry","5","290","4","1","1","1","1","0",,,"511","623","1245","2379","v1.2"
"DIAG_337","PROB_173","SES_113","2024-10-18 12:48:39","Mensuration","3","183","2","1","1","1","1","0",,,"300","434","789","1523","v1.0"
"DIAG_338","PROB_174","SES_113","2024-08-24 16:37:48","Arithmetic","1","101","1","1","1","1","1","0",,,"145","267","401","813","v1.1"
"DIAG_339","PROB_175","SES_114","2024-09-22 13:48:52","Ratios","4","245","4","1","1","1","1","0",,,"434","534","1023","1991","v1.2"
"DIAG_340","PROB_176","SES_114","2024-10-30 10:36:47","Algebra","5","293","4","1","0","0","1","0",,,"511","623","1234","2368","v1.0"
"DIAG_341","PROB_177","SES_114","2024-08-20 15:47:39","Probability","2","155","2","1","1","1","1","0",,,"250","378","667","1295","v1.1"
"DIAG_342","PROB_178","SES_115","2024-09-19 11:52:46","Geometry","4","238","3","1","1","1","0","1","syntax_error","solver","411","512","989","1912","v1.2"
"DIAG_343","PROB_179","SES_115","2024-10-26 17:48:53","Mensuration","5","280","4","1","1","1","1","0",,,"489","612","1201","2302","v1.0"
"DIAG_344","PROB_180","SES_115","2024-08-27 13:36:48","Ratios","3","168","3","1","1","1","1","0",,,"272","423","745","1440","v1.1"
"DIAG_345","PROB_181","SES_116","2024-09-16 10:48:37","Algebra","1","87","2","1","1","1","1","0",,,"117","245","389","751","v1.2"
"DIAG_346","PROB_182","SES_116","2024-10-23 14:37:49","Probability","4","250","3","1","1","1","1","0",,,"445","534","1045","2024","v1.0"
"DIAG_347","PROB_183","SES_116","2024-08-23 11:48:52","Geometry","5","291","4","1","1","1","1","0",,,"511","623","1245","2379","v1.1"
"DIAG_348","PROB_184","SES_117","2024-09-13 15:37:46","Mensuration","2","140","2","1","1","1","1","0",,,"217","356","634","1207","v1.2"
"DIAG_349","PROB_185","SES_117","2024-10-20 12:48:39","Arithmetic","4","225","3","1","1","1","0","1","missing_equation","solver","389","489","956","1834","v1.0"
"DIAG_350","PROB_186","SES_117","2024-08-19 17:36:53","Ratios","3","174","3","1","1","1","1","0",,,"283","423","767","1473","v1.1"
"DIAG_351","PROB_187","SES_118","2024-09-24 12:47:48","Algebra","5","299","4","1","1","1","1","0",,,"522","634","1267","2423","v1.2"
"DIAG_352","PROB_188","SES_118","2024-10-17 16:38:52","Probability","2","156","2","1","1","1","1","0",,,"256","378","678","1312","v1.0"
"DIAG_353","PROB_189","SES_118","2024-08-26 13:47:39","Geometry","4","243","3","1","0","0","1","0",,,"428","523","1012","1963","v1.1"
"DIAG_354","PROB_190","SES_119","2024-09-21 14:36:48","Mensuration","5","281","4","1","1","1","1","0",,,"494","612","1212","2318","v1.2"
"DIAG_355","PROB_191","SES_119","2024-10-29 11:47:53","Ratios","1","73","2","1","1","1","1","0",,,"89","234","356","679","v1.0"
"DIAG_356","PROB_192","SES_119","2024-08-22 16:36:47","Algebra","3","189","3","1","1","1","0","1","timeout","embedding","311","434","801","1546","v1.1"
"DIAG_357","PROB_193","SES_120","2024-09-18 13:48:39","Probability","4","251","3","1","1","1","1","0",,,"445","534","1045","2024","v1.2"
"DIAG_358","PROB_194","SES_120","2024-10-25 15:37:46","Geometry","5","292","4","1","1","1","1","0",,,"511","623","1245","2379","v1.0"
"DIAG_359","PROB_195","SES_120","2024-08-19 12:48:53","Arithmetic","2","128","2","1","1","1","1","0",,,"195","345","612","1152","v1.1"
"DIAG_360","PROB_196","SES_121","2024-09-15 15:37:48","Mensuration","4","254","4","1","1","1","1","0",,,"450","534","1056","2040","v1.2"
"DIAG_361","PROB_197","SES_121","2024-10-22 12:48:36","Ratios","3","173","3","1","1","1","0","1","hallucination","solver","283","423","778","1484","v1.0"
"DIAG_362","PROB_198","SES_121","2024-08-28 17:37:49","Algebra","5","300","4","1","1","1","1","0",,,"528","634","1278","2440","v1.1"
"DIAG_363","PROB_199","SES_122","2024-09-26 14:48:52","Probability","1","98","1","1","1","1","1","0",,,"139","256","389","784","v1.2"
"DIAG_364","PROB_200","SES_122","2024-10-19 11:36:47","Geometry","3","195","3","1","1","1","1","0",,,"328","445","812","1585","v1.0"
"DIAG_365","PROB_012","SES_122","2024-08-25 14:47:39","Mensuration","4","255","3","1","1","0","1","0",,,"456","534","1045","2035","v1.1"
"DIAG_366","PROB_058","SES_123","2024-09-22 12:36:48","Ratios","5","276","4","1","1","1","1","0",,,"483","601","1189","2273","v1.2"
"DIAG_367","PROB_044","SES_123","2024-10-28 16:47:53","Algebra","2","151","2","1","1","1","1","0",,,"245","367","667","1279","v1.0"
"DIAG_368","PROB_072","SES_123","2024-08-21 13:36:48","Probability","4","244","3","1","1","1","0","1","syntax_error","embedding","428","489","1001","1918","v1.1"
"DIAG_369","PROB_011","SES_124","2024-09-19 15:48:39","Geometry","5","293","4","1","1","1","1","0",,,"517","623","1256","2396","v1.2"
"DIAG_370","PROB_059","SES_124","2024-10-26 12:37:46","Mensuration","3","185","2","1","1","1","1","0",,,"306","434","801","1541","v1.0"
"DIAG_371","PROB_035","SES_124","2024-08-18 16:48:52","Arithmetic","1","103","1","1","1","1","1","0",,,"150","267","412","829","v1.1"
"DIAG_372","PROB_077","SES_125","2024-09-16 13:37:49","Ratios","4","247","4","1","1","1","1","0",,,"439","534","1034","2007","v1.2"
"DIAG_373","PROB_024","SES_125","2024-10-23 15:48:36","Algebra","5","294","4","1","0","0","1","0",,,"517","623","1245","2385","v1.0"
"DIAG_374","PROB_050","SES_125","2024-08-24 12:37:48","Probability","2","157","2","1","1","1","1","0",,,"256","378","678","1312","v1.1"
"DIAG_375","PROB_088","SES_126","2024-09-13 14:48:52","Geometry","4","239","3","1","1","1","0","1","missing_equation","embedding","417","512","1001","1930","v1.2"
"DIAG_376","PROB_062","SES_126","2024-10-20 11:37:46","Mensuration","5","282","4","1","1","1","1","0",,,"494","612","1212","2318","v1.0"
"DIAG_377","PROB_046","SES_126","2024-08-27 17:48:39","Ratios","3","170","3","1","1","1","1","0",,,"278","423","756","1457","v1.1"
"DIAG_378","PROB_029","SES_127","2024-09-24 11:36:48","Algebra","1","88","2","1","1","1","1","0",,,"117","245","389","751","v1.2"
"DIAG_379","PROB_071","SES_127","2024-10-17 16:48:52","Probability","4","252","3","1","1","1","1","0",,,"450","534","1056","2040","v1.0"
"DIAG_380","PROB_057","SES_127","2024-08-23 13:37:49","Geometry","5","294","4","1","1","1","1","0",,,"517","623","1256","2396","v1.1"
"DIAG_381","PROB_095","SES_128","2024-09-21 15:48:36","Mensuration","2","141","2","1","1","1","1","0",,,"223","356","645","1224","v1.2"
"DIAG_382","PROB_038","SES_128","2024-10-30 12:37:48","Arithmetic","4","226","3","1","1","1","0","1","timeout","solver","395","489","967","1851","v1.0"
"DIAG_383","PROB_080","SES_128","2024-08-20 14:48:53","Ratios","3","175","3","1","1","1","1","0",,,"289","423","778","1490","v1.1"
"DIAG_384","PROB_049","SES_129","2024-09-18 12:37:46","Algebra","5","301","4","1","1","1","1","0",,,"528","634","1278","2440","v1.2"
"DIAG_385","PROB_082","SES_129","2024-10-26 17:48:39","Probability","2","158","2","1","1","1","1","0",,,"261","378","689","1328","v1.0"
"DIAG_386","PROB_034","SES_129","2024-08-26 11:36:52","Geometry","4","245","3","1","0","0","1","0",,,"434","523","1023","1980","v1.1"
"DIAG_387","PROB_061","SES_130","2024-09-15 16:48:47","Mensuration","5","283","4","1","1","1","1","0",,,"500","612","1223","2335","v1.2"
"DIAG_388","PROB_056","SES_130","2024-10-23 13:37:49","Ratios","1","72","2","1","1","1","1","0",,,"87","234","356","677","v1.0"
"DIAG_389","PROB_084","SES_130","2024-08-22 17:48:36","Algebra","3","191","3","1","1","1","0","1","hallucination","embedding","317","434","812","1563","v1.1"
"DIAG_390","PROB_023","SES_131","2024-09-26 13:36:48","Probability","4","253","3","1","1","1","1","0",,,"456","534","1056","2046","v1.2"
"DIAG_391","PROB_060","SES_131","2024-10-20 15:48:52","Geometry","5","295","4","1","1","1","1","0",,,"517","623","1256","2396","v1.0"
"DIAG_392","PROB_098","SES_131","2024-08-19 13:37:46","Arithmetic","2","130","2","1","1","1","1","0",,,"201","345","623","1169","v1.1"
"DIAG_393","PROB_017","SES_132","2024-09-22 15:48:39","Mensuration","4","256","4","1","1","1","1","0",,,"456","534","1067","2057","v1.2"
"DIAG_394","PROB_009","SES_132","2024-10-29 12:36:48","Ratios","3","176","3","1","1","1","0","1","syntax_error","solver","289","423","789","1501","v1.0"
"DIAG_395","PROB_008","SES_132","2024-08-25 16:48:53","Algebra","5","302","4","1","1","1","1","0",,,"533","634","1289","2456","v1.1"
"DIAG_396","PROB_010","SES_133","2024-09-19 14:37:49","Probability","1","100","1","1","1","1","1","0",,,"145","256","401","802","v1.2"
"DIAG_397","PROB_101","SES_133","2024-10-27 11:48:36","Geometry","3","197","3","1","1","1","1","0",,,"334","445","823","1602","v1.0"
"DIAG_398","PROB_102","SES_133","2024-08-21 14:37:52","Mensuration","4","257","3","1","1","0","1","0",,,"461","534","1056","2051","v1.1"
"DIAG_399","PROB_103","SES_134","2024-09-17 12:48:46","Ratios","5","278","4","1","1","1","1","0",,,"489","601","1201","2291","v1.2"
"DIAG_400","PROB_104","SES_134","2024-10-24 16:37:48","Algebra","2","152","2","1","1","1","1","0",,,"245","367","667","1279","v1.0"
"DIAG_401","PROB_105","SES_134","2024-08-28 13:48:39","Probability","4","246","3","1","1","1","0","1","missing_equation","solver","434","489","1012","1935","v1.1"
"DIAG_402","PROB_106","SES_135","2024-09-14 15:37:52","Geometry","5","296","4","1","1","1","1","0",,,"517","623","1267","2407","v1.2"
"DIAG_403","PROB_107","SES_135","2024-10-21 13:48:36","Mensuration","3","187","2","1","1","1","1","0",,,"311","434","812","1557","v1.0"
"DIAG_404","PROB_108","SES_135","2024-08-24 17:37:49","Arithmetic","1","104","1","1","1","1","1","0",,,"150","267","412","829","v1.1"
"DIAG_405","PROB_109","SES_136","2024-09-25 14:48:46","Ratios","4","249","4","1","1","1","1","0",,,"445","534","1045","2024","v1.2"
"DIAG_406","PROB_110","SES_136","2024-10-18 12:37:48","Algebra","5","297","4","1","0","0","1","0",,,"522","623","1267","2412","v1.0"
"DIAG_407","PROB_111","SES_136","2024-08-20 16:48:53","Probability","2","159","2","1","1","1","1","0",,,"261","378","689","1328","v1.1"
"DIAG_408","PROB_112","SES_137","2024-09-21 13:37:49","Geometry","4","240","3","1","1","1","0","1","timeout","embedding","417","512","1012","1941","v1.2"
"DIAG_409","PROB_113","SES_137","2024-10-30 15:48:36","Mensuration","5","284","4","1","1","1","1","0",,,"500","612","1234","2346","v1.0"
"DIAG_410","PROB_114","SES_137","2024-08-27 14:37:52","Ratios","3","177","3","1","1","1","1","0",,,"289","423","789","1501","v1.1"
"DIAG_411","PROB_115","SES_138","2024-09-18 16:48:46","Algebra","1","90","2","1","1","1","1","0",,,"123","245","401","769","v1.2"
"DIAG_412","PROB_116","SES_138","2024-10-26 13:37:48","Probability","4","254","3","1","1","1","1","0",,,"456","534","1067","2057","v1.0"
"DIAG_413","PROB_117","SES_138","2024-08-23 12:48:39","Geometry","5","297","4","1","1","1","1","0",,,"522","623","1267","2412","v1.1"
"DIAG_414","PROB_118","SES_139","2024-09-15 14:37:52","Mensuration","2","143","2","1","1","1","1","0",,,"228","356","656","1240","v1.2"
"DIAG_415","PROB_119","SES_139","2024-10-23 16:48:36","Arithmetic","4","227","3","1","1","1","0","1","hallucination","solver","395","489","978","1862","v1.0"
"DIAG_416","PROB_120","SES_139","2024-08-19 15:37:49","Ratios","3","178","3","1","1","1","1","0",,,"295","423","801","1519","v1.1"
"DIAG_417","PROB_121","SES_140","2024-09-26 16:48:46","Algebra","5","303","4","1","1","1","1","0",,,"533","634","1289","2456","v1.2"
"DIAG_418","PROB_122","SES_140","2024-10-20 14:37:48","Probability","2","160","2","1","1","1","1","0",,,"267","378","701","1346","v1.0"
"DIAG_419","PROB_123","SES_140","2024-08-26 12:48:39","Geometry","4","247","3","1","0","0","1","0",,,"439","523","1034","1996","v1.1"
"DIAG_420","PROB_124","SES_141","2024-09-22 13:37:52","Mensuration","5","285","4","1","1","1","1","0",,,"506","612","1245","2363","v1.2"
"DIAG_421","PROB_125","SES_141","2024-10-29 15:48:36","Ratios","1","70","2","1","1","1","1","0",,,"84","234","345","663","v1.0"
"DIAG_422","PROB_126","SES_141","2024-08-22 17:37:49","Algebra","3","193","3","1","1","1","0","1","syntax_error","embedding","323","434","823","1580","v1.1"
"DIAG_423","PROB_127","SES_142","2024-09-19 15:48:46","Probability","4","255","3","1","1","1","1","0",,,"461","534","1067","2062","v1.2"
"DIAG_424","PROB_128","SES_142","2024-10-27 12:37:48","Geometry","5","298","4","1","1","1","1","0",,,"522","623","1278","2423","v1.0"
"DIAG_425","PROB_129","SES_142","2024-08-18 14:48:39","Arithmetic","2","131","2","1","1","1","1","0",,,"206","345","634","1185","v1.1"
"DIAG_426","PROB_130","SES_143","2024-09-16 16:37:52","Mensuration","4","258","4","1","1","1","1","0",,,"467","534","1078","2079","v1.2"
"DIAG_427","PROB_131","SES_143","2024-10-24 14:48:36","Ratios","3","179","3","1","1","1","0","1","missing_equation","solver","300","423","812","1535","v1.0"
"DIAG_428","PROB_132","SES_144","2024-11-01 09:23:15","Algebra","3","215","3","1","1","1","1","0",,,"367","456","934","1757","v1.2"
"DIAG_429","PROB_133","SES_144","2024-11-02 14:15:32","Geometry","4","289","4","1","1","1","1","0",,,"498","589","1198","2285","v1.2"
"DIAG_430","PROB_134","SES_144","2024-11-03 10:42:18","Ratios","2","145","2","1","1","1","1","0",,,"234","367","678","1279","v1.1"
"DIAG_431","PROB_135","SES_145","2024-11-04 16:28:44","Probability","5","312","5","1","1","1","0","1","arithmetic_error","solver","545","678","1456","2679","v1.2"
"DIAG_432","PROB_136","SES_145","2024-11-05 11:37:29","Arithmetic","1","89","1","1","1","1","1","0",,,"123","278","423","824","v1.0"
"DIAG_433","PROB_137","SES_146","2024-11-06 13:52:11","Mensuration","3","198","3","1","1","1","1","0",,,"334","445","889","1668","v1.1"
"DIAG_434","PROB_138","SES_146","2024-11-07 15:19:37","Algebra","4","267","4","1","0","0","0","1","extraction_failure","equation_extraction","456","0","0","456","v1.2"
"DIAG_435","PROB_139","SES_147","2024-11-08 09:45:23","Geometry","2","156","2","1","1","1","1","0",,,"267","356","712","1335","v1.0"
"DIAG_436","PROB_140","SES_147","2024-11-09 14:33:56","Ratios","5","294","4","1","1","1","1","0",,,"512","623","1267","2402","v1.2"
"DIAG_437","PROB_141","SES_148","2024-11-10 10:28:14","Probability","3","187","3","1","1","1","1","0",,,"312","423","845","1580","v1.1"
"DIAG_438","PROB_142","SES_148","2024-11-11 16:47:39","Arithmetic","4","234","3","1","1","1","0","1","hallucination","solver","401","512","1034","1947","v1.2"
"DIAG_439","PROB_143","SES_149","2024-11-12 11:15:27","Mensuration","2","167","2","1","1","1","1","0",,,"289","378","756","1423","v1.0"
"DIAG_440","PROB_144","SES_149","2024-11-13 13:42:51","Algebra","5","301","5","1","1","1","1","0",,,"534","645","1289","2468","v1.2"
"DIAG_441","PROB_145","SES_150","2024-11-14 09:58:33","Geometry","1","98","1","1","1","1","1","0",,,"145","267","489","901","v1.0"
"DIAG_442","PROB_146","SES_150","2024-11-15 15:26:18","Ratios","3","203","3","1","1","1","1","0",,,"345","445","923","1713","v1.1"
"DIAG_443","PROB_147","SES_151","2024-11-16 10:39:42","Probability","4","276","4","1","1","1","1","0",,,"489","578","1156","2223","v1.2"
"DIAG_444","PROB_148","SES_151","2024-11-17 14:52:29","Arithmetic","2","138","2","1","1","1","1","0",,,"223","345","667","1235","v1.0"
"DIAG_445","PROB_149","SES_152","2024-11-18 11:18:56","Mensuration","5","318","5","1","1","1","0","1","missing_equation","solver","556","667","1378","2601","v1.2"
"DIAG_446","PROB_150","SES_152","2024-11-19 16:34:11","Algebra","3","192","3","1","1","1","1","0",,,"323","434","867","1624","v1.1"
"DIAG_447","PROB_151","SES_153","2024-10-15 09:27:38","Geometry","4","251","3","1","1","1","1","0",,,"445","534","1089","2068","v1.0"
"DIAG_448","PROB_152","SES_153","2024-10-16 13:49:22","Ratios","1","76","2","1","1","1","1","0",,,"95","245","378","718","v1.0"
"DIAG_449","PROB_153","SES_154","2024-10-17 15:12:47","Probability","3","209","3","1","1","0","0","1","syntax_error","embedding","356","0","0","356","v1.1"
"DIAG_450","PROB_154","SES_154","2024-10-18 10:56:33","Arithmetic","5","287","4","1","1","1","1","0",,,"501","612","1234","2347","v1.2"
"DIAG_451","PROB_155","SES_155","2024-10-19 14:23:19","Mensuration","2","149","2","1","1","1","1","0",,,"245","356","689","1290","v1.0"
"DIAG_452","PROB_156","SES_155","2024-10-21 16:38:54","Algebra","4","259","4","1","1","1","1","0",,,"467","556","1123","2146","v1.2"
"DIAG_453","PROB_157","SES_156","2024-10-22 11:47:28","Geometry","3","196","3","1","1","1","0","1","arithmetic_error","solver","334","423","878","1635","v1.1"
"DIAG_454","PROB_158","SES_156","2024-10-23 15:29:41","Ratios","5","306","4","1","1","1","1","0",,,"539","634","1278","2451","v1.2"
"DIAG_455","PROB_159","SES_157","2024-10-25 09:51:16","Probability","2","161","2","1","1","1","1","0",,,"278","367","723","1368","v1.0"
"DIAG_456","PROB_160","SES_157","2024-10-26 13:18:52","Arithmetic","4","241","3","1","1","1","1","0",,,"412","512","1045","1969","v1.2"
"DIAG_457","PROB_161","SES_158","2024-10-28 10:42:37","Mensuration","1","82","1","1","1","1","1","0",,,"112","256","401","769","v1.0"
"DIAG_458","PROB_162","SES_158","2024-10-30 15:57:23","Algebra","3","221","3","1","1","1","1","0",,,"378","467","945","1790","v1.1"
"DIAG_459","PROB_163","SES_159","2024-10-31 11:26:49","Geometry","5","295","5","1","0","0","0","1","extraction_failure","equation_extraction","523","0","0","523","v1.2"
"DIAG_460","PROB_164","SES_159","2024-09-01 14:39:15","Ratios","2","152","2","1","1","1","1","0",,,"256","345","701","1302","v1.0"
"DIAG_461","PROB_165","SES_160","2024-09-02 09:18:44","Probability","4","268","4","1","1","1","1","0",,,"478","567","1145","2190","v1.2"
"DIAG_462","PROB_166","SES_160","2024-09-03 16:43:28","Arithmetic","3","185","3","1","1","1","0","1","hallucination","solver","312","412","834","1558","v1.1"
"DIAG_463","PROB_167","SES_161","2024-09-04 10:52:11","Mensuration","5","323","5","1","1","1","1","0",,,"567","678","1345","2590","v1.2"
"DIAG_464","PROB_168","SES_161","2024-09-05 13:27:36","Algebra","1","94","1","1","1","1","1","0",,,"134","267","512","913","v1.0"
"DIAG_465","PROB_169","SES_162","2024-09-06 15:49:52","Geometry","3","207","3","1","1","1","1","0",,,"356","445","912","1713","v1.1"
"DIAG_466","PROB_170","SES_162","2024-09-07 11:14:29","Ratios","4","273","4","1","1","1","1","0",,,"489","578","1167","2234","v1.2"
"DIAG_467","PROB_171","SES_163","2024-09-08 14:36:47","Probability","2","143","2","1","1","1","1","0",,,"234","334","656","1224","v1.0"
"DIAG_468","PROB_172","SES_163","2024-09-09 09:58:21","Arithmetic","5","291","4","1","1","1","0","1","missing_equation","solver","512","623","1256","2391","v1.2"
"DIAG_469","PROB_173","SES_164","2024-09-10 16:22:38","Mensuration","3","189","3","1","1","1","1","0",,,"323","423","856","1602","v1.1"
"DIAG_470","PROB_174","SES_164","2024-09-11 10:47:14","Algebra","4","263","4","1","1","0","0","1","syntax_error","embedding","467","0","0","467","v1.2"
"DIAG_471","PROB_175","SES_165","2024-09-12 13:31:52","Geometry","2","158","2","1","1","1","1","0",,,"267","356","734","1357","v1.0"
"DIAG_472","PROB_176","SES_165","2024-09-13 15:54:26","Ratios","5","309","5","1","1","1","1","0",,,"545","645","1289","2479","v1.2"
"DIAG_473","PROB_177","SES_166","2024-09-14 11:19:43","Probability","3","199","3","1","1","1","1","0",,,"334","434","889","1657","v1.1"
"DIAG_474","PROB_178","SES_166","2024-09-15 14:42:17","Arithmetic","4","246","3","1","1","1","1","0",,,"423","523","1067","2013","v1.2"
"DIAG_475","PROB_179","SES_167","2024-09-17 09:28:35","Mensuration","1","87","1","1","1","1","1","0",,,"118","267","445","830","v1.0"
"DIAG_476","PROB_180","SES_167","2024-09-18 16:53:49","Algebra","3","218","3","1","1","1","0","1","arithmetic_error","solver","367","467","934","1768","v1.1"
"DIAG_477","PROB_181","SES_168","2024-09-20 10:16:22","Geometry","5","297","4","1","1","1","1","0",,,"523","623","1256","2402","v1.2"
"DIAG_478","PROB_182","SES_168","2024-09-21 13:41:58","Ratios","2","147","2","1","1","1","1","0",,,"245","345","689","1279","v1.0"
"DIAG_479","PROB_183","SES_169","2024-09-23 15:27:31","Probability","4","279","4","1","0","0","0","1","extraction_failure","equation_extraction","489","0","0","489","v1.2"
"DIAG_480","PROB_184","SES_169","2024-09-24 11:52:14","Arithmetic","3","191","3","1","1","1","1","0",,,"323","423","867","1613","v1.1"
"DIAG_481","PROB_185","SES_170","2024-09-25 14:18:46","Mensuration","5","315","5","1","1","1","1","0",,,"556","656","1312","2524","v1.2"
"DIAG_482","PROB_186","SES_170","2024-09-27 09:43:29","Algebra","2","154","2","1","1","1","1","0",,,"256","356","712","1324","v1.0"
"DIAG_483","PROB_187","SES_171","2024-09-28 16:29:53","Geometry","4","265","4","1","1","1","0","1","hallucination","solver","478","567","1134","2179","v1.2"
"DIAG_484","PROB_188","SES_171","2024-09-29 10:54:37","Ratios","3","201","3","1","1","1","1","0",,,"345","434","901","1680","v1.1"
"DIAG_485","PROB_189","SES_172","2024-09-30 13:21:18","Probability","1","91","1","1","1","1","1","0",,,"128","278","478","884","v1.0"
"DIAG_486","PROB_190","SES_172","2024-08-01 15:46:42","Arithmetic","5","284","4","1","1","1","1","0",,,"501","612","1223","2336","v1.2"
"DIAG_487","PROB_191","SES_173","2024-08-02 11:13:26","Mensuration","3","195","3","1","1","0","0","1","syntax_error","embedding","334","0","0","334","v1.1"
"DIAG_488","PROB_192","SES_173","2024-08-03 14:38:51","Algebra","4","257","4","1","1","1","1","0",,,"456","556","1112","2124","v1.2"
"DIAG_489","PROB_193","SES_174","2024-08-04 09:57:14","Geometry","2","164","2","1","1","1","1","0",,,"278","367","745","1390","v1.0"
"DIAG_490","PROB_194","SES_174","2024-08-05 16:24:39","Ratios","5","302","4","1","1","1","0","1","missing_equation","solver","534","634","1267","2435","v1.2"
"DIAG_491","PROB_195","SES_175","2024-08-06 10:49:22","Probability","3","213","3","1","1","1","1","0",,,"367","456","923","1746","v1.1"
"DIAG_492","PROB_196","SES_175","2024-08-07 13:17:48","Arithmetic","4","239","3","1","1","1","1","0",,,"412","501","1023","1936","v1.2"
"DIAG_493","PROB_197","SES_176","2024-08-08 15:42:33","Mensuration","1","79","1","1","1","1","1","0",,,"106","256","389","751","v1.0"
"DIAG_494","PROB_198","SES_176","2024-08-09 11:28:56","Algebra","3","225","3","1","0","0","0","1","extraction_failure","equation_extraction","389","0","0","389","v1.1"
"DIAG_495","PROB_199","SES_177","2024-08-10 14:53:19","Geometry","5","293","5","1","1","1","1","0",,,"512","623","1245","2380","v1.2"
"DIAG_496","PROB_200","SES_177","2024-08-11 09:16:44","Ratios","2","141","2","1","1","1","1","0",,,"234","334","667","1235","v1.0"
"DIAG_497","PROB_201","SES_178","2024-08-12 16:39:27","Probability","4","271","4","1","1","1","1","0",,,"489","578","1156","2223","v1.2"
"DIAG_498","PROB_202","SES_178","2024-08-13 10:52:51","Arithmetic","3","183","3","1","1","1","0","1","arithmetic_error","solver","312","412","845","1569","v1.1"
"DIAG_499","PROB_203","SES_179","2024-08-14 13:27:16","Mensuration","5","320","5","1","1","1","1","0",,,"562","667","1334","2563","v1.2"
"DIAG_500","PROB_204","SES_179","2024-08-15 15:51:38","Algebra","2","169","2","1","1","1","1","0",,,"289","378","767","1434","v1.0"
"DIAG_501","PROB_205","SES_180","2024-08-16 11:18:23","Geometry","4","261","4","1","1","0","0","1","syntax_error","embedding","467","0","0","467","v1.2"
"DIAG_502","PROB_206","SES_180","2024-08-17 14:43:47","Ratios","3","205","3","1","1","1","1","0",,,"345","445","912","1702","v1.1"
"DIAG_503","PROB_207","SES_181","2024-08-20 09:29:12","Probability","1","96","1","1","1","1","1","0",,,"139","278","501","918","v1.0"
"DIAG_504","PROB_208","SES_181","2024-08-21 16:54:36","Arithmetic","5","288","4","1","1","1","1","0",,,"506","612","1234","2352","v1.2"
"DIAG_505","PROB_209","SES_182","2024-08-23 10:17:49","Mensuration","3","187","3","1","1","1","0","1","hallucination","solver","323","423","856","1602","v1.1"
"DIAG_506","PROB_210","SES_182","2024-08-24 13:42:24","Algebra","4","253","4","1","0","0","0","1","extraction_failure","equation_extraction","445","0","0","445","v1.2"
"DIAG_507","PROB_211","SES_183","2024-08-25 15:28:57","Geometry","2","150","2","1","1","1","1","0",,,"245","345","689","1279","v1.0"
"DIAG_508","PROB_212","SES_183","2024-08-27 11:53:41","Ratios","5","311","5","1","1","1","1","0",,,"545","656","1301","2502","v1.2"
"DIAG_509","PROB_213","SES_184","2024-08-28 14:19:26","Probability","3","197","3","1","1","1","1","0",,,"334","434","878","1646","v1.1"
"DIAG_510","PROB_214","SES_184","2024-08-29 09:46:52","Arithmetic","4","243","3","1","1","1","1","0",,,"423","512","1045","1980","v1.2"
"DIAG_511","PROB_215","SES_185","2024-08-30 16:32:17","Mensuration","1","85","1","1","1","1","1","0",,,"115","267","423","805","v1.0"
"DIAG_512","PROB_216","SES_185","2024-08-31 10:57:43","Algebra","3","227","3","1","1","1","0","1","missing_equation","solver","378","467","956","1801","v1.1"
"DIAG_513","PROB_217","SES_186","2024-07-01 13:24:18","Geometry","5","299","4","1","1","1","1","0",,,"523","623","1267","2413","v1.2"
"DIAG_514","PROB_218","SES_186","2024-07-02 15:49:34","Ratios","2","136","2","1","1","1","1","0",,,"223","334","656","1213","v1.0"
"DIAG_515","PROB_219","SES_187","2024-07-03 11:16:29","Probability","4","275","4","1","1","0","0","1","syntax_error","embedding","489","0","0","489","v1.2"
"DIAG_516","PROB_220","SES_187","2024-07-04 14:41:53","Arithmetic","3","189","3","1","1","1","1","0",,,"323","423","867","1613","v1.1"
"DIAG_517","PROB_221","SES_188","2024-07-05 09:28:16","Mensuration","5","317","5","1","1","1","1","0",,,"556","667","1323","2546","v1.2"
"DIAG_518","PROB_222","SES_188","2024-07-06 16:53:42","Algebra","2","172","2","1","1","1","1","0",,,"289","378","778","1445","v1.0"
"DIAG_519","PROB_223","SES_189","2024-07-07 10:19:27","Geometry","4","269","4","1","1","1","0","1","arithmetic_error","solver","478","578","1145","2201","v1.2"
"DIAG_520","PROB_224","SES_189","2024-07-08 13:44:51","Ratios","3","211","3","1","1","1","1","0",,,"356","456","923","1735","v1.1"
"DIAG_521","PROB_225","SES_190","2024-07-09 15:31:24","Probability","1","93","1","1","1","1","1","0",,,"134","278","489","901","v1.0"
"DIAG_522","PROB_226","SES_190","2024-07-10 11:56:38","Arithmetic","5","286","4","1","0","0","0","1","extraction_failure","equation_extraction","501","0","0","501","v1.2"
"DIAG_523","PROB_227","SES_191","2024-07-11 14:23:12","Mensuration","3","193","3","1","1","1","1","0",,,"323","434","867","1624","v1.1"
"DIAG_524","PROB_228","SES_191","2024-07-12 09:48:47","Algebra","4","255","4","1","1","1","1","0",,,"445","556","1112","2113","v1.2"
"DIAG_525","PROB_229","SES_192","2024-07-13 16:14:29","Geometry","2","162","2","1","1","1","1","0",,,"278","367","734","1379","v1.0"
"DIAG_526","PROB_230","SES_192","2024-07-14 10:39:54","Ratios","5","304","4","1","1","1","0","1","hallucination","solver","534","634","1278","2446","v1.2"
"DIAG_527","PROB_231","SES_193","2024-07-15 13:27:18","Probability","3","209","3","1","1","0","0","1","syntax_error","embedding","356","0","0","356","v1.1"
"DIAG_528","PROB_232","SES_193","2024-07-16 15:52:43","Arithmetic","4","237","3","1","1","1","1","0",,,"412","501","1012","1925","v1.2"
"DIAG_529","PROB_233","SES_194","2024-07-17 11:19:26","Mensuration","1","81","1","1","1","1","1","0",,,"109","256","412","777","v1.0"
"DIAG_530","PROB_234","SES_194","2024-07-18 14:46:51","Algebra","3","223","3","1","1","1","1","0",,,"367","467","945","1779","v1.1"
"DIAG_531","PROB_235","SES_195","2024-07-19 09:13:37","Geometry","5","291","5","1","1","1","1","0",,,"512","623","1234","2369","v1.2"
"DIAG_532","PROB_236","SES_195","2024-07-20 16:38:22","Ratios","2","144","2","1","1","1","1","0",,,"234","345","678","1257","v1.0"
"DIAG_533","PROB_237","SES_196","2024-07-21 10:52:48","Probability","4","277","4","1","0","0","0","1","extraction_failure","equation_extraction","489","0","0","489","v1.2"
"DIAG_534","PROB_238","SES_196","2024-07-22 13:29:14","Arithmetic","3","185","3","1","1","1","0","1","missing_equation","solver","312","412","834","1558","v1.1"
"DIAG_535","PROB_239","SES_197","2024-07-23 15:54:39","Mensuration","5","322","5","1","1","1","1","0",,,"567","678","1345","2590","v1.2"
"DIAG_536","PROB_240","SES_197","2024-07-24 11:21:23","Algebra","2","166","2","1","1","1","1","0",,,"278","367","756","1401","v1.0"
"DIAG_537","PROB_241","SES_198","2024-07-25 14:46:58","Geometry","4","263","4","1","1","1","1","0",,,"467","567","1134","2168","v1.2"
"DIAG_538","PROB_242","SES_198","2024-07-26 09:18:32","Ratios","3","207","3","1","1","1","0","1","arithmetic_error","solver","345","445","901","1691","v1.1"
"DIAG_539","PROB_243","SES_199","2024-07-27 16:43:17","Probability","1","99","1","1","1","1","1","0",,,"143","289","512","944","v1.0"
"DIAG_540","PROB_244","SES_199","2024-07-28 10:29:41","Arithmetic","5","290","4","1","1","1","1","0",,,"512","612","1245","2369","v1.2"
"DIAG_541","PROB_245","SES_200","2024-07-29 13:54:26","Mensuration","3","191","3","1","1","0","0","1","syntax_error","embedding","323","0","0","323","v1.1"
"DIAG_542","PROB_246","SES_200","2024-07-30 15:27:52","Algebra","4","249","4","1","1","1","1","0",,,"434","534","1089","2057","v1.2"
"DIAG_543","PROB_247","SES_201","2024-07-31 11:52:38","Geometry","2","155","2","1","1","1","1","0",,,"256","356","723","1335","v1.0"
"DIAG_544","PROB_248","SES_201","2024-06-01 14:19:14","Ratios","5","307","5","1","0","0","0","1","extraction_failure","equation_extraction","539","0","0","539","v1.2"
"DIAG_545","PROB_249","SES_202","2024-06-02 09:43:49","Probability","3","203","3","1","1","1","1","0",,,"345","434","889","1668","v1.1"
"DIAG_546","PROB_250","SES_202","2024-06-03 16:28:23","Arithmetic","4","245","3","1","1","1","0","1","hallucination","solver","423","523","1056","2002","v1.2"
"DIAG_547","PROB_251","SES_203","2024-06-04 10:54:17","Mensuration","1","77","1","1","1","1","1","0",,,"101","245","378","724","v1.0"
"DIAG_548","PROB_252","SES_203","2024-06-05 13:31:42","Algebra","3","219","3","1","1","1","1","0",,,"367","456","923","1746","v1.1"
